{
  "version": "2023.2",
  "applications": [],
  "platforms": [],
  "systems": [
    {
      "name": "EthLwip_Demo_system",
      "platform": "D:/three_verilog/Eth_lwip/RW_18/design_1_wrapper/export/design_1_wrapper/design_1_wrapper.xpfm",
      "sysConfig": "design_1_wrapper",
      "buildConfig": "Debug",
      "applications": [
        {
          "name": "EthLwip_Demo",
          "platform": "D:/three_verilog/Eth_lwip/RW_18/design_1_wrapper/export/design_1_wrapper/design_1_wrapper.xpfm",
          "platformPath": "D:\\three_verilog\\Eth_lwip\\RW_18\\design_1_wrapper\\export\\design_1_wrapper",
          "sysConfig": "design_1_wrapper",
          "domain": "freertos10_xilinx_ps7_cortexa9_0",
          "system": "EthLwip_Demo_system"
        }
      ],
      "platformPath": "D:\\three_verilog\\Eth_lwip\\RW_18\\design_1_wrapper\\export\\design_1_wrapper"
    }
  ],
  "others": []
}